"app_mgr_id","app_id","user_pccuid","update_user","update_time"
HAEncgxDTwedBVB1G2D9Hg,lOzJfbb5RWWnIgIUGgUW3Q,20121100001451,,1695794831299
WEamKSoJQkSubk3qvEowAQ,mdhV4N11SVqTsb-OLlFJwg,20121100001451,20121100001451,1695884511426
GMq-dRM5Tc-5GA84K91iUg,lOzJfbb5RWWnIgIUGgUW3Q,20121100001451,20121100001451,1696236032009
T1xL4felSl22y3UdZVNPoA,lOzJfbb5RWWnIgIUGgUW3Q,20151000004018,20121100001451,1697762382987
MxJAgkZ7QUWX-HrQ7_Uiuw,mdhV4N11SVqTsb-OLlFJwg,20151000004018,20121100001451,1697762411444
ERwZ6n7fQXi0dY4GpCy_gg,mdhV4N11SVqTsb-OLlFJwg,20210900002148,20121100001451,1698297602837
Ylq3gPQzRMCMlOJTvdKPhA,lOzJfbb5RWWnIgIUGgUW3Q,20210800000428,20121100001451,1698297622573
ffztPtxxR0-e7sarL-Lm9w,lOzJfbb5RWWnIgIUGgUW3Q,20121100025849,20121100001451,1698743098880
fYo316pgRpOHmfLnhYJutQ,mdhV4N11SVqTsb-OLlFJwg,20121100098492,20121100001451,1698743174168
AEP0N_PATaWspfl-obxKEw,lOzJfbb5RWWnIgIUGgUW3Q,20121100098492,20121100001451,1698744290403
U6vbklX0Rl6i8YErUKx0lw,lOzJfbb5RWWnIgIUGgUW3Q,20140700035796,20121100001451,1698744290403
idtI3p_kSBWnvMBKUx7FsA,lOzJfbb5RWWnIgIUGgUW3Q,20121100121841,20121100001451,1698744290403
RXdFXmBdQsaMsGmL3X9ONw,mdhV4N11SVqTsb-OLlFJwg,20121100121841,20121100001451,1698744340367
r3P_wBXOQs-pwnOm1Vu2-Q,mdhV4N11SVqTsb-OLlFJwg,20121100025849,20121100001451,1698744340367
BXTqmmL8TbevShEBMBcgTw,mdhV4N11SVqTsb-OLlFJwg,20140700035796,20121100001451,1698744340367
Hv8M4h3lRrCVo4Syji2IKg,lOzJfbb5RWWnIgIUGgUW3Q,20121100011126,20121100001451,1698744430484
a1G0DELkQfi0mJ5LwDplRg,lOzJfbb5RWWnIgIUGgUW3Q,20220200021793,20121100001451,1698744430484
hPti3WN7QZmrSq-zzpBTWg,mdhV4N11SVqTsb-OLlFJwg,20121100011126,20121100001451,1698744453764
"31EXoJPzScS2Jmqt-d-A9g",mdhV4N11SVqTsb-OLlFJwg,20220200021793,20121100001451,1698744453764
e__fv5InQ4eLcmy32IAPXQ,d6Y0JoAvSUu-FWYHD5igCA,20130200002921,20121100001451,1703467337166
